sensor_id,h2s_ppm,event_time,longitude,latitude
H2S_SIM_01,3,2026-05-12T10:45:00,-104.99,39.74
H2S_SIM_01,4,2026-05-12T10:50:10,-104.99,39.74
H2S_SIM_01,5,2026-05-12T10:55:20,-104.99,39.74
H2S_SIM_01,6,2026-05-12T11:00:30,-104.99,39.74
H2S_SIM_01,8,2026-05-12T11:05:40,-104.99,39.74
H2S_SIM_01,12,2026-05-12T11:10:50,-104.99,39.74
H2S_SIM_01,18,2026-05-12T11:15:00,-104.99,39.74
H2S_SIM_01,22,2026-05-12T11:20:10,-104.99,39.74
H2S_SIM_01,19,2026-05-12T11:25:20,-104.99,39.74
H2S_SIM_01,15,2026-05-12T11:30:30,-104.99,39.74
H2S_SIM_01,9,2026-05-12T11:35:40,-104.99,39.74
H2S_SIM_01,6,2026-05-12T11:40:50,-104.99,39.74
H2S_SIM_01,4,2026-05-12T11:45:00,-104.99,39.74
